{
  "model": "whisper-tiny",
  "task": "speech-to-text",
  "encoder_input_names": [
    "input_features"
  ],
  "encoder_output_names": [
    "last_hidden_state"
  ],
  "n_mels": 80,
  "n_audio_ctx": 1500,
  "n_audio_state": 384,
  "test_cases": [
    {
      "name": "tone_440hz",
      "description": "440Hz sine tone",
      "audio_samples": 48000,
      "sample_rate": 16000,
      "mel_shape": [
        1,
        80,
        3000
      ],
      "encoder_output_shape": [
        1,
        1500,
        384
      ],
      "encoder_first_10": [
        0.14213013648986816,
        0.052165985107421875,
        0.09091752767562866,
        0.03450518846511841,
        0.15851090848445892,
        -0.46678411960601807,
        -0.0630694031715393,
        1.3707088232040405,
        0.23064550757408142,
        -0.07326027750968933
      ],
      "encoder_mean": 0.03261009231209755,
      "encoder_std": 1.2966370582580566
    },
    {
      "name": "silence",
      "description": "silence",
      "audio_samples": 48000,
      "sample_rate": 16000,
      "mel_shape": [
        1,
        80,
        3000
      ],
      "encoder_output_shape": [
        1,
        1500,
        384
      ],
      "encoder_first_10": [
        0.20769448578357697,
        0.09914866089820862,
        0.051904886960983276,
        -0.0020833611488342285,
        -0.09255975484848022,
        -0.2217499017715454,
        -0.109974205493927,
        1.351212739944458,
        0.037662118673324585,
        0.06011959910392761
      ],
      "encoder_mean": 0.02799404226243496,
      "encoder_std": 1.2747224569320679
    },
    {
      "name": "white_noise",
      "description": "white noise (seed=42)",
      "audio_samples": 48000,
      "sample_rate": 16000,
      "mel_shape": [
        1,
        80,
        3000
      ],
      "encoder_output_shape": [
        1,
        1500,
        384
      ],
      "encoder_first_10": [
        0.30448949337005615,
        0.2395235002040863,
        0.1721619963645935,
        0.18247687816619873,
        0.006724625825881958,
        -0.4285265803337097,
        0.05835390090942383,
        1.5062899589538574,
        0.23673298954963684,
        -0.10276791453361511
      ],
      "encoder_mean": 0.030712883919477463,
      "encoder_std": 1.2896217107772827
    }
  ],
  "onnxruntime_version": "1.24.3",
  "numpy_version": "2.4.3"
}