{
  "model": "depth-anything-v2-small (baseline for DA3 monocular tests)",
  "input_shape": [
    1,
    3,
    224,
    224
  ],
  "output_shape": [
    1,
    224,
    224
  ],
  "output_absMax": 2.70758056640625,
  "output_mean": 2.3932716846466064,
  "seed": 42
}