{
  "mel_filterbank": {
    "shape": [
      80,
      201
    ],
    "sample_rate": 16000,
    "n_fft": 400,
    "n_mels": 80
  },
  "stft": {
    "n_fft": 400,
    "hop_length": 160,
    "window": "hann",
    "magnitudes_shape": [
      201,
      98
    ]
  },
  "mel_spectrogram": {
    "shape": [
      80,
      98
    ],
    "min": 0.0,
    "max": 69.42335510253906
  },
  "log_mel": {
    "shape": [
      80,
      98
    ],
    "min": -0.5396236181259155,
    "max": 1.4603763818740845
  },
  "hz_to_mel": {
    "hz_values": [
      0.0,
      100.0,
      200.0,
      440.0,
      1000.0,
      2000.0,
      4000.0,
      8000.0
    ],
    "mel_values": [
      0.0,
      150.48915100097656,
      283.2298889160156,
      549.6387329101562,
      999.9855346679688,
      1521.359619140625,
      2146.064697265625,
      2840.023193359375
    ]
  },
  "resample": {
    "input_rate": 44100,
    "output_rate": 16000,
    "input_samples": 4410,
    "output_samples": 1600,
    "frequency": 440,
    "duration": 0.1
  },
  "hann_window": {
    "size": 400,
    "first_5": [
      0.0,
      6.199333438416943e-05,
      0.0002479579416103661,
      0.0005578477284871042,
      0.000991585897281766
    ],
    "last_5": [
      0.000991585897281766,
      0.0005578477284871042,
      0.0002479579416103661,
      6.199333438416943e-05,
      0.0
    ]
  }
}